,,Domestic Transactions,
Date      ,Debit,Credit,Transaction Details
,,Rahul,
,,,
28-01-2018,1099,,INDIAN RAILWAY CATERINGNEW DELHI
28-01-2018,34980,,FLIPKART INTERNET PRIVA BANGALORE
28-01-2018,660,,TIPSY CATERERS JAIPUR
29-01-2018,57181,,MAKEMYTRIP INDIA PVT LT NEW DELHI
29-01-2018,,3390,INDIAN RAILWAY CATERINGNEW DELHI
29-01-2018,,53326,MAKEMYTRIP INDIA PVT LT NEW DELHI
30-01-2018,,680,INDIAN RAILWAY CATERING NEW DELHI
,,,
Date      ,Debit,Credit,Transaction Details
,,Ritu,
,,,
22-02-2018,,1845,FEETOES GURGAON
18-02-2018,949,,DECATHLON SPORTS INDIA GURGAON
09-02-2018,1250,,SILVER GALERIE A UNIT    GURGAON
31-02-2018,,1650,DNA PHARMACY           GURUGRAM
26-02-2018,,413,MONTE CARLO            GURGAON
30-02-2018,,456,THE ROOM               GURGAON
30-02-2018,1938,,LITTLE BURGUNDY        GURGAON
,,
,,
,,International Transactions,
Date      ,Debit,Credit,Transaction Details
,,Rahul,
,,,
13-01-2018,9,,SRILANKANUPGRADE KATUNAYAKE         EUR
14-01-2018,,6,HEALTHGUARD LIMITED KATUNAYAKE      USD
17-01-2018,19,,FOOT RUB BERLIN                  EUR
28-01-2018,108,,California Games CALIFORNIA         USD
30-01-2018,219,,NewYorkShop NEWYORK                 USD
03-02-2018,8,,EURO WINGS DUSSELDOR                EUR
,,
,,
,,
,,
,,
,,
,,
,,
,,,
,,,
,,,
,,,